district,scenario,tco2e_draw
Karnal,CT_burn,-2.777
Karnal,CT_burn,-3.091
Karnal,CT_burn,-3.253
Karnal,CT_burn,-2.465
Karnal,CT_burn,-3.603
Karnal,CT_burn,-2.014
Karnal,CT_burn,-3.079
Karnal,CT_burn,-3.192
Karnal,CT_burn,-2.55
Karnal,CT_burn,-1.61
Karnal,CT_burn,-3.279
Karnal,CT_burn,-2.552
Karnal,CT_burn,-2.876
Karnal,CT_burn,-3.042
Karnal,CT_burn,-2.489
Karnal,CT_burn,-1.937
Karnal,CT_burn,-2.744
Karnal,CT_burn,-3.189
Karnal,CT_burn,-2.592
Karnal,CT_burn,-3.24
Karnal,CT_burn,-2.185
Karnal,CT_burn,-3.054
Karnal,CT_burn,-2.771
Karnal,CT_burn,-2.395
Karnal,CT_burn,-3.135
Karnal,CT_burn,-2.646
Karnal,CT_burn,-2.212
Karnal,CT_burn,-1.797
Karnal,CT_burn,-3.444
Karnal,CT_burn,-3.254
Karnal,CT_burn,-2.496
Karnal,CT_burn,-2.561
Karnal,CT_burn,-2.948
Karnal,CT_burn,-2.661
Karnal,CT_burn,-2.81
Karnal,CT_burn,-2.217
Karnal,CT_burn,-2.908
Karnal,CT_burn,-2.016
Karnal,CT_burn,-2.689
Karnal,CT_burn,-3.18
Karnal,CT_burn,-2.441
Karnal,CT_burn,-2.64
Karnal,CT_burn,-2.628
Karnal,CT_burn,-2.38
Karnal,CT_burn,-2.157
Karnal,CT_burn,-2.866
Karnal,CT_burn,-3.033
Karnal,CT_burn,-3.224
Karnal,CT_burn,-2.542
Karnal,CT_burn,-2.8
Karnal,CT_burn,-2.287
Karnal,CT_burn,-2.786
Karnal,CT_burn,-2.929
Karnal,CT_burn,-2.951
Karnal,CT_burn,-2.115
Karnal,CT_burn,-2.805
Karnal,CT_burn,-1.875
Karnal,CT_burn,-2.87
Karnal,CT_burn,-3.064
Karnal,CT_burn,-3.368
Karnal,CT_burn,-1.948
Karnal,CT_burn,-2.103
Karnal,CT_burn,-3.601
Karnal,CT_burn,-2.613
Karnal,CT_burn,-3.379
Karnal,CT_burn,-2.192
Karnal,CT_burn,-2.225
Karnal,CT_burn,-3.081
Karnal,CT_burn,-3.084
Karnal,CT_burn,-2.857
Karnal,CT_burn,-2.275
Karnal,CT_burn,-2.726
Karnal,CT_burn,-2.461
Karnal,CT_burn,-2.062
Karnal,CT_burn,-3.553
Karnal,CT_burn,-2.248
Karnal,CT_burn,-2.897
Karnal,CT_burn,-2.236
Karnal,CT_burn,-2.794
Karnal,CT_burn,-2.999
Karnal,CT_burn,-2.843
Karnal,CT_burn,-2.868
Karnal,CT_burn,-2.926
Karnal,CT_burn,-3.092
Karnal,CT_burn,-2.436
Karnal,CT_burn,-2.728
Karnal,CT_burn,-2.487
Karnal,CT_burn,-2.715
Karnal,CT_burn,-2.847
Karnal,CT_burn,-3.307
Karnal,CT_burn,-2.245
Karnal,CT_burn,-2.818
Karnal,CT_burn,-2.892
Karnal,CT_burn,-2.289
Karnal,CT_burn,-2.467
Karnal,CT_burn,-3.142
Karnal,CT_burn,-1.611
Karnal,CT_burn,-3.359
Karnal,CT_burn,-3.461
Karnal,CT_burn,-2.549
Karnal,CT_burn,-2.941
Karnal,CT_burn,-3.118
Karnal,CT_burn,-1.902
Karnal,CT_burn,-2.599
Karnal,CT_burn,-2.909
Karnal,CT_burn,-2.318
Karnal,CT_burn,-2.156
Karnal,CT_burn,-3.2
Karnal,CT_burn,-2.363
Karnal,CT_burn,-2.647
Karnal,CT_burn,-3.647
Karnal,CT_burn,-3.087
Karnal,CT_burn,-2.601
Karnal,CT_burn,-3.693
Karnal,CT_burn,-3.236
Karnal,CT_burn,-3.035
Karnal,CT_burn,-2.641
Karnal,CT_burn,-2.873
Karnal,CT_burn,-2.279
Karnal,CT_burn,-2.21
Karnal,CT_burn,-1.991
Karnal,CT_burn,-2.013
Karnal,CT_burn,-2.657
Karnal,CT_burn,-2.512
Karnal,CT_burn,-2.547
Karnal,CT_burn,-3.509
Karnal,CT_burn,-2.496
Karnal,CT_burn,-2.814
Karnal,CT_burn,-3.291
Karnal,CT_burn,-2.276
Karnal,CT_burn,-3.154
Karnal,CT_burn,-2.683
Karnal,CT_burn,-3.098
Karnal,CT_burn,-3.045
Karnal,CT_burn,-2.337
Karnal,CT_burn,-2.908
Karnal,CT_burn,-3.202
Karnal,CT_burn,-3.147
Karnal,CT_burn,-2.189
Karnal,CT_burn,-3.049
Karnal,CT_burn,-2.378
Karnal,CT_burn,-1.932
Karnal,CT_burn,-2.437
Karnal,CT_burn,-3.086
Karnal,CT_burn,-3.137
Karnal,CT_burn,-3.355
Karnal,CT_burn,-1.624
Karnal,CT_burn,-3.647
Karnal,CT_burn,-2.858
Karnal,CT_burn,-2.672
Karnal,CT_burn,-2.874
Karnal,CT_burn,-3.012
Karnal,CT_burn,-3.109
Karnal,CT_burn,-3.045
Karnal,CT_burn,-1.938
Karnal,CT_burn,-2.755
Karnal,CT_burn,-2.792
Karnal,CT_burn,-3.215
Karnal,CT_burn,-1.838
Karnal,CT_burn,-2.73
Karnal,CT_burn,-2.293
Karnal,CT_burn,-2.495
Karnal,CT_burn,-2.482
Karnal,CT_burn,-3.195
Karnal,CT_burn,-2.969
Karnal,CT_burn,-2.393
Karnal,CT_burn,-2.603
Karnal,CT_burn,-2.332
Karnal,CT_burn,-2.27
Karnal,CT_burn,-2.15
Karnal,CT_burn,-2.274
Karnal,CT_burn,-2.591
Karnal,CT_burn,-2.716
Karnal,CT_burn,-3.325
Karnal,CT_burn,-1.943
Karnal,CT_burn,-1.919
Karnal,CT_burn,-2.703
Karnal,CT_burn,-3.201
Karnal,CT_burn,-2.52
Karnal,CT_burn,-1.642
Karnal,CT_burn,-2.617
Karnal,CT_burn,-1.966
Karnal,CT_burn,-2.193
Karnal,CT_burn,-2.079
Karnal,CT_burn,-3.026
Karnal,CT_burn,-3.534
Karnal,CT_burn,-3.073
Karnal,CT_burn,-2.372
Karnal,CT_burn,-3.081
Karnal,CT_burn,-3.244
Karnal,CT_burn,-2.93
Karnal,CT_burn,-3.484
Karnal,CT_burn,-2.502
Karnal,CT_burn,-3.169
Karnal,CT_burn,-2.576
Karnal,CT_burn,-3.122
Karnal,CT_burn,-2.802
Karnal,CT_burn,-2.572
Karnal,CT_burn,-2.586
Karnal,CT_burn,-2.532
Karnal,ZT_FYM,-0.914
Karnal,ZT_FYM,-0.58
Karnal,ZT_FYM,0.1
Karnal,ZT_FYM,-0.371
Karnal,ZT_FYM,0.061
Karnal,ZT_FYM,-0.059
Karnal,ZT_FYM,0.23
Karnal,ZT_FYM,-0.021
Karnal,ZT_FYM,-0.551
Karnal,ZT_FYM,-0.947
Karnal,ZT_FYM,0.33
Karnal,ZT_FYM,-0.129
Karnal,ZT_FYM,-0.509
Karnal,ZT_FYM,-0.135
Karnal,ZT_FYM,-0.627
Karnal,ZT_FYM,0.231
Karnal,ZT_FYM,-0.729
Karnal,ZT_FYM,-1.081
Karnal,ZT_FYM,-0.355
Karnal,ZT_FYM,-1.008
Karnal,ZT_FYM,-0.267
Karnal,ZT_FYM,0.262
Karnal,ZT_FYM,-0.803
Karnal,ZT_FYM,-0.5
Karnal,ZT_FYM,1.25
Karnal,ZT_FYM,-0.227
Karnal,ZT_FYM,-0.59
Karnal,ZT_FYM,0.245
Karnal,ZT_FYM,-0.428
Karnal,ZT_FYM,1.014
Karnal,ZT_FYM,-0.466
Karnal,ZT_FYM,0.121
Karnal,ZT_FYM,0.134
Karnal,ZT_FYM,0.051
Karnal,ZT_FYM,-0.304
Karnal,ZT_FYM,-1.422
Karnal,ZT_FYM,-0.797
Karnal,ZT_FYM,-0.084
Karnal,ZT_FYM,-0.298
Karnal,ZT_FYM,-1.669
Karnal,ZT_FYM,-0.746
Karnal,ZT_FYM,0.548
Karnal,ZT_FYM,-0.849
Karnal,ZT_FYM,0.145
Karnal,ZT_FYM,-0.08
Karnal,ZT_FYM,-0.879
Karnal,ZT_FYM,-0.709
Karnal,ZT_FYM,0.536
Karnal,ZT_FYM,0.298
Karnal,ZT_FYM,-1.046
Karnal,ZT_FYM,0.37
Karnal,ZT_FYM,0.303
Karnal,ZT_FYM,-0.163
Karnal,ZT_FYM,-0.668
Karnal,ZT_FYM,0.428
Karnal,ZT_FYM,-1.019
Karnal,ZT_FYM,-0.555
Karnal,ZT_FYM,0.591
Karnal,ZT_FYM,-0.078
Karnal,ZT_FYM,-0.39
Karnal,ZT_FYM,0.367
Karnal,ZT_FYM,0.128
Karnal,ZT_FYM,-1.269
Karnal,ZT_FYM,-0.662
Karnal,ZT_FYM,-0.542
Karnal,ZT_FYM,0.54
Karnal,ZT_FYM,-0.478
Karnal,ZT_FYM,-0.559
Karnal,ZT_FYM,-0.502
Karnal,ZT_FYM,-0.869
Karnal,ZT_FYM,-0.977
Karnal,ZT_FYM,0.439
Karnal,ZT_FYM,0.767
Karnal,ZT_FYM,-0.671
Karnal,ZT_FYM,0.362
Karnal,ZT_FYM,-0.223
Karnal,ZT_FYM,0.543
Karnal,ZT_FYM,-0.15
Karnal,ZT_FYM,0.658
Karnal,ZT_FYM,0.345
Karnal,ZT_FYM,-0.614
Karnal,ZT_FYM,-0.33
Karnal,ZT_FYM,-0.101
Karnal,ZT_FYM,-0.662
Karnal,ZT_FYM,-0.607
Karnal,ZT_FYM,-0.654
Karnal,ZT_FYM,0.13
Karnal,ZT_FYM,0.163
Karnal,ZT_FYM,-0.638
Karnal,ZT_FYM,-0.346
Karnal,ZT_FYM,-1.205
Karnal,ZT_FYM,0.255
Karnal,ZT_FYM,0.761
Karnal,ZT_FYM,-0.278
Karnal,ZT_FYM,-0.909
Karnal,ZT_FYM,-0.283
Karnal,ZT_FYM,-0.064
Karnal,ZT_FYM,-0.391
Karnal,ZT_FYM,0.856
Karnal,ZT_FYM,-0.374
Karnal,ZT_FYM,-1.075
Karnal,ZT_FYM,-0.346
Karnal,ZT_FYM,0.587
Karnal,ZT_FYM,-0.069
Karnal,ZT_FYM,0.096
Karnal,ZT_FYM,-0.705
Karnal,ZT_FYM,0.874
Karnal,ZT_FYM,-0.95
Karnal,ZT_FYM,0.172
Karnal,ZT_FYM,-0.668
Karnal,ZT_FYM,0.288
Karnal,ZT_FYM,-0.466
Karnal,ZT_FYM,-0.368
Karnal,ZT_FYM,-0.669
Karnal,ZT_FYM,-0.132
Karnal,ZT_FYM,-0.867
Karnal,ZT_FYM,-0.478
Karnal,ZT_FYM,-0.541
Karnal,ZT_FYM,-1.054
Karnal,ZT_FYM,-0.068
Karnal,ZT_FYM,0.022
Karnal,ZT_FYM,-0.633
Karnal,ZT_FYM,-0.178
Karnal,ZT_FYM,-0.596
Karnal,ZT_FYM,-0.096
Karnal,ZT_FYM,0.278
Karnal,ZT_FYM,-0.219
Karnal,ZT_FYM,-0.237
Karnal,ZT_FYM,-0.331
Karnal,ZT_FYM,0.007
Karnal,ZT_FYM,0.683
Karnal,ZT_FYM,0.005
Karnal,ZT_FYM,-0.305
Karnal,ZT_FYM,-0.587
Karnal,ZT_FYM,0.16
Karnal,ZT_FYM,0.811
Karnal,ZT_FYM,0.244
Karnal,ZT_FYM,-0.177
Karnal,ZT_FYM,0.506
Karnal,ZT_FYM,-0.462
Karnal,ZT_FYM,-0.055
Karnal,ZT_FYM,-0.075
Karnal,ZT_FYM,0.791
Karnal,ZT_FYM,-0.951
Karnal,ZT_FYM,-0.254
Karnal,ZT_FYM,-0.669
Karnal,ZT_FYM,0.253
Karnal,ZT_FYM,0.105
Karnal,ZT_FYM,-0.699
Karnal,ZT_FYM,-0.625
Karnal,ZT_FYM,-0.232
Karnal,ZT_FYM,-0.825
Karnal,ZT_FYM,-0.261
Karnal,ZT_FYM,-0.757
Karnal,ZT_FYM,-0.039
Karnal,ZT_FYM,0.048
Karnal,ZT_FYM,-0.083
Karnal,ZT_FYM,0.224
Karnal,ZT_FYM,-1.013
Karnal,ZT_FYM,-0.077
Karnal,ZT_FYM,-1.38
Karnal,ZT_FYM,1.235
Karnal,ZT_FYM,-0.967
Karnal,ZT_FYM,0.173
Karnal,ZT_FYM,0.221
Karnal,ZT_FYM,0.465
Karnal,ZT_FYM,-1.36
Karnal,ZT_FYM,-0.173
Karnal,ZT_FYM,0.162
Karnal,ZT_FYM,0.417
Karnal,ZT_FYM,-1.765
Karnal,ZT_FYM,-0.504
Karnal,ZT_FYM,-0.39
Karnal,ZT_FYM,-0.6
Karnal,ZT_FYM,-0.304
Karnal,ZT_FYM,-0.748
Karnal,ZT_FYM,-0.604
Karnal,ZT_FYM,-0.134
Karnal,ZT_FYM,-0.574
Karnal,ZT_FYM,0.08
Karnal,ZT_FYM,-0.27
Karnal,ZT_FYM,-0.492
Karnal,ZT_FYM,-0.498
Karnal,ZT_FYM,0.078
Karnal,ZT_FYM,0.583
Karnal,ZT_FYM,0.084
Karnal,ZT_FYM,1.025
Karnal,ZT_FYM,0.507
Karnal,ZT_FYM,0.072
Karnal,ZT_FYM,-0.483
Karnal,ZT_FYM,0.295
Karnal,ZT_FYM,-0.105
Karnal,ZT_FYM,0.809
Karnal,ZT_FYM,0.426
Karnal,ZT_FYM,0.599
Karnal,ZT_FYM,0.529
Karnal,ZT_FYM,-0.619
Karnal,ZT_FYM,0.679
Karnal,ZT_FYM,0.838
Karnal,ZT_FYM,0.887
Karnal,ZT_retain,-1.007
Karnal,ZT_retain,-1.501
Karnal,ZT_retain,-1.943
Karnal,ZT_retain,-1.907
Karnal,ZT_retain,-0.429
Karnal,ZT_retain,-1.889
Karnal,ZT_retain,-1.744
Karnal,ZT_retain,-1.125
Karnal,ZT_retain,-1.433
Karnal,ZT_retain,-1.747
Karnal,ZT_retain,-1.925
Karnal,ZT_retain,-0.755
Karnal,ZT_retain,-1.156
Karnal,ZT_retain,-1.774
Karnal,ZT_retain,-0.766
Karnal,ZT_retain,-1.715
Karnal,ZT_retain,-1.582
Karnal,ZT_retain,-0.647
Karnal,ZT_retain,-1.045
Karnal,ZT_retain,-1.317
Karnal,ZT_retain,-1.361
Karnal,ZT_retain,-2.109
Karnal,ZT_retain,-1.246
Karnal,ZT_retain,-1.677
Karnal,ZT_retain,-1.662
Karnal,ZT_retain,-1.588
Karnal,ZT_retain,-1.654
Karnal,ZT_retain,-0.856
Karnal,ZT_retain,-0.729
Karnal,ZT_retain,-1.447
Karnal,ZT_retain,-1.431
Karnal,ZT_retain,-1.958
Karnal,ZT_retain,-1.633
Karnal,ZT_retain,-0.886
Karnal,ZT_retain,-1.246
Karnal,ZT_retain,-0.43
Karnal,ZT_retain,-0.969
Karnal,ZT_retain,-0.184
Karnal,ZT_retain,-1.033
Karnal,ZT_retain,-1.413
Karnal,ZT_retain,-1.62
Karnal,ZT_retain,-1.588
Karnal,ZT_retain,-1.577
Karnal,ZT_retain,-2.136
Karnal,ZT_retain,-1.081
Karnal,ZT_retain,-1.278
Karnal,ZT_retain,-1.278
Karnal,ZT_retain,-1.341
Karnal,ZT_retain,-1.268
Karnal,ZT_retain,-1.241
Karnal,ZT_retain,-1.89
Karnal,ZT_retain,-1.708
Karnal,ZT_retain,-1.642
Karnal,ZT_retain,-1.06
Karnal,ZT_retain,-1.359
Karnal,ZT_retain,-1.953
Karnal,ZT_retain,-1.56
Karnal,ZT_retain,-1.287
Karnal,ZT_retain,-1.021
Karnal,ZT_retain,-0.691
Karnal,ZT_retain,-2.331
Karnal,ZT_retain,-1.314
Karnal,ZT_retain,-0.998
Karnal,ZT_retain,-1.547
Karnal,ZT_retain,-0.933
Karnal,ZT_retain,-1.694
Karnal,ZT_retain,-1.141
Karnal,ZT_retain,-1.654
Karnal,ZT_retain,-1.961
Karnal,ZT_retain,-1.31
Karnal,ZT_retain,-1.412
Karnal,ZT_retain,-1.741
Karnal,ZT_retain,-1.124
Karnal,ZT_retain,-1.735
Karnal,ZT_retain,-0.706
Karnal,ZT_retain,-1.274
Karnal,ZT_retain,-1.275
Karnal,ZT_retain,-1.178
Karnal,ZT_retain,-1.771
Karnal,ZT_retain,-1.245
Karnal,ZT_retain,-1.377
Karnal,ZT_retain,-1.664
Karnal,ZT_retain,-1.241
Karnal,ZT_retain,-1.15
Karnal,ZT_retain,-2.11
Karnal,ZT_retain,-1.225
Karnal,ZT_retain,-1.91
Karnal,ZT_retain,-0.601
Karnal,ZT_retain,-1.432
Karnal,ZT_retain,-1.283
Karnal,ZT_retain,-1.118
Karnal,ZT_retain,-0.717
Karnal,ZT_retain,-1.061
Karnal,ZT_retain,-1.563
Karnal,ZT_retain,-1.554
Karnal,ZT_retain,-1.264
Karnal,ZT_retain,-2.484
Karnal,ZT_retain,-1.36
Karnal,ZT_retain,-1.377
Karnal,ZT_retain,-1.936
Karnal,ZT_retain,-1.864
Karnal,ZT_retain,-0.986
Karnal,ZT_retain,-1.154
Karnal,ZT_retain,-1.917
Karnal,ZT_retain,-1.736
Karnal,ZT_retain,-0.867
Karnal,ZT_retain,-1.112
Karnal,ZT_retain,-1.803
Karnal,ZT_retain,-2.311
Karnal,ZT_retain,-0.957
Karnal,ZT_retain,-1.064
Karnal,ZT_retain,-1.166
Karnal,ZT_retain,-1.947
Karnal,ZT_retain,-1.399
Karnal,ZT_retain,-1.354
Karnal,ZT_retain,-1.0
Karnal,ZT_retain,-0.878
Karnal,ZT_retain,-1.257
Karnal,ZT_retain,-2.097
Karnal,ZT_retain,-1.473
Karnal,ZT_retain,-1.959
Karnal,ZT_retain,-0.789
Karnal,ZT_retain,-1.641
Karnal,ZT_retain,-1.116
Karnal,ZT_retain,-0.956
Karnal,ZT_retain,-1.627
Karnal,ZT_retain,-1.69
Karnal,ZT_retain,-2.077
Karnal,ZT_retain,-1.416
Karnal,ZT_retain,-1.458
Karnal,ZT_retain,-1.231
Karnal,ZT_retain,-1.369
Karnal,ZT_retain,-1.274
Karnal,ZT_retain,-1.857
Karnal,ZT_retain,-1.304
Karnal,ZT_retain,-1.36
Karnal,ZT_retain,-1.627
Karnal,ZT_retain,-1.342
Karnal,ZT_retain,-1.467
Karnal,ZT_retain,-1.495
Karnal,ZT_retain,-1.212
Karnal,ZT_retain,-1.438
Karnal,ZT_retain,-1.749
Karnal,ZT_retain,-1.883
Karnal,ZT_retain,-1.858
Karnal,ZT_retain,-2.259
Karnal,ZT_retain,-1.045
Karnal,ZT_retain,-1.755
Karnal,ZT_retain,-1.744
Karnal,ZT_retain,-1.779
Karnal,ZT_retain,-2.088
Karnal,ZT_retain,-1.599
Karnal,ZT_retain,-0.604
Karnal,ZT_retain,-1.419
Karnal,ZT_retain,-1.475
Karnal,ZT_retain,-1.267
Karnal,ZT_retain,-0.792
Karnal,ZT_retain,-1.543
Karnal,ZT_retain,-1.441
Karnal,ZT_retain,-1.707
Karnal,ZT_retain,-1.332
Karnal,ZT_retain,-1.171
Karnal,ZT_retain,-1.572
Karnal,ZT_retain,-1.344
Karnal,ZT_retain,-1.33
Karnal,ZT_retain,-1.039
Karnal,ZT_retain,-1.743
Karnal,ZT_retain,-2.205
Karnal,ZT_retain,-1.111
Karnal,ZT_retain,-1.749
Karnal,ZT_retain,-1.205
Karnal,ZT_retain,-1.612
Karnal,ZT_retain,-1.584
Karnal,ZT_retain,-2.394
Karnal,ZT_retain,-1.256
Karnal,ZT_retain,-1.018
Karnal,ZT_retain,-1.452
Karnal,ZT_retain,-0.621
Karnal,ZT_retain,-1.306
Karnal,ZT_retain,-1.265
Karnal,ZT_retain,-0.662
Karnal,ZT_retain,-2.081
Karnal,ZT_retain,-1.439
Karnal,ZT_retain,-1.13
Karnal,ZT_retain,-0.954
Karnal,ZT_retain,-1.216
Karnal,ZT_retain,-0.958
Karnal,ZT_retain,-1.763
Karnal,ZT_retain,-0.731
Karnal,ZT_retain,-1.202
Karnal,ZT_retain,-1.159
Karnal,ZT_retain,-2.247
Karnal,ZT_retain,-1.142
Karnal,ZT_retain,-1.071
Karnal,ZT_retain,-1.269
Karnal,ZT_retain,-1.634
Karnal,ZT_retain,-0.724
Karnal,ZT_retain,-1.448
Karnal,ZT_retain,-2.427
Karnal,ZT_retain,-1.14
Ludhiana,CT_burn,-2.892
Ludhiana,CT_burn,-2.824
Ludhiana,CT_burn,-3.068
Ludhiana,CT_burn,-2.154
Ludhiana,CT_burn,-2.308
Ludhiana,CT_burn,-1.956
Ludhiana,CT_burn,-2.503
Ludhiana,CT_burn,-2.479
Ludhiana,CT_burn,-2.898
Ludhiana,CT_burn,-2.742
Ludhiana,CT_burn,-2.53
Ludhiana,CT_burn,-3.069
Ludhiana,CT_burn,-3.289
Ludhiana,CT_burn,-2.336
Ludhiana,CT_burn,-2.289
Ludhiana,CT_burn,-3.238
Ludhiana,CT_burn,-1.965
Ludhiana,CT_burn,-3.114
Ludhiana,CT_burn,-1.745
Ludhiana,CT_burn,-3.203
Ludhiana,CT_burn,-2.364
Ludhiana,CT_burn,-3.445
Ludhiana,CT_burn,-3.139
Ludhiana,CT_burn,-2.67
Ludhiana,CT_burn,-2.434
Ludhiana,CT_burn,-2.41
Ludhiana,CT_burn,-2.598
Ludhiana,CT_burn,-2.884
Ludhiana,CT_burn,-2.052
Ludhiana,CT_burn,-2.107
Ludhiana,CT_burn,-2.872
Ludhiana,CT_burn,-3.001
Ludhiana,CT_burn,-2.579
Ludhiana,CT_burn,-3.222
Ludhiana,CT_burn,-3.248
Ludhiana,CT_burn,-2.653
Ludhiana,CT_burn,-2.449
Ludhiana,CT_burn,-2.838
Ludhiana,CT_burn,-3.673
Ludhiana,CT_burn,-2.397
Ludhiana,CT_burn,-3.061
Ludhiana,CT_burn,-2.363
Ludhiana,CT_burn,-3.21
Ludhiana,CT_burn,-3.282
Ludhiana,CT_burn,-2.397
Ludhiana,CT_burn,-3.014
Ludhiana,CT_burn,-3.136
Ludhiana,CT_burn,-1.585
Ludhiana,CT_burn,-2.294
Ludhiana,CT_burn,-3.228
Ludhiana,CT_burn,-3.17
Ludhiana,CT_burn,-3.596
Ludhiana,CT_burn,-3.485
Ludhiana,CT_burn,-1.839
Ludhiana,CT_burn,-3.623
Ludhiana,CT_burn,-2.549
Ludhiana,CT_burn,-2.682
Ludhiana,CT_burn,-2.765
Ludhiana,CT_burn,-3.422
Ludhiana,CT_burn,-2.188
Ludhiana,CT_burn,-2.617
Ludhiana,CT_burn,-3.251
Ludhiana,CT_burn,-3.214
Ludhiana,CT_burn,-3.429
Ludhiana,CT_burn,-3.08
Ludhiana,CT_burn,-3.122
Ludhiana,CT_burn,-3.084
Ludhiana,CT_burn,-2.752
Ludhiana,CT_burn,-3.069
Ludhiana,CT_burn,-2.43
Ludhiana,CT_burn,-3.059
Ludhiana,CT_burn,-3.424
Ludhiana,CT_burn,-3.817
Ludhiana,CT_burn,-2.763
Ludhiana,CT_burn,-2.89
Ludhiana,CT_burn,-3.126
Ludhiana,CT_burn,-2.369
Ludhiana,CT_burn,-2.843
Ludhiana,CT_burn,-2.864
Ludhiana,CT_burn,-3.013
Ludhiana,CT_burn,-2.807
Ludhiana,CT_burn,-3.408
Ludhiana,CT_burn,-2.576
Ludhiana,CT_burn,-2.787
Ludhiana,CT_burn,-3.279
Ludhiana,CT_burn,-2.161
Ludhiana,CT_burn,-3.415
Ludhiana,CT_burn,-2.493
Ludhiana,CT_burn,-2.959
Ludhiana,CT_burn,-2.49
Ludhiana,CT_burn,-3.396
Ludhiana,CT_burn,-2.801
Ludhiana,CT_burn,-3.435
Ludhiana,CT_burn,-3.214
Ludhiana,CT_burn,-2.93
Ludhiana,CT_burn,-2.892
Ludhiana,CT_burn,-2.415
Ludhiana,CT_burn,-2.885
Ludhiana,CT_burn,-3.322
Ludhiana,CT_burn,-2.059
Ludhiana,CT_burn,-1.725
Ludhiana,CT_burn,-2.89
Ludhiana,CT_burn,-2.921
Ludhiana,CT_burn,-3.327
Ludhiana,CT_burn,-2.589
Ludhiana,CT_burn,-2.863
Ludhiana,CT_burn,-1.749
Ludhiana,CT_burn,-2.296
Ludhiana,CT_burn,-3.139
Ludhiana,CT_burn,-3.074
Ludhiana,CT_burn,-2.831
Ludhiana,CT_burn,-2.641
Ludhiana,CT_burn,-2.98
Ludhiana,CT_burn,-2.869
Ludhiana,CT_burn,-2.961
Ludhiana,CT_burn,-2.71
Ludhiana,CT_burn,-2.632
Ludhiana,CT_burn,-3.446
Ludhiana,CT_burn,-2.736
Ludhiana,CT_burn,-2.717
Ludhiana,CT_burn,-2.751
Ludhiana,CT_burn,-2.785
Ludhiana,CT_burn,-2.739
Ludhiana,CT_burn,-2.485
Ludhiana,CT_burn,-2.084
Ludhiana,CT_burn,-2.871
Ludhiana,CT_burn,-3.11
Ludhiana,CT_burn,-2.658
Ludhiana,CT_burn,-3.508
Ludhiana,CT_burn,-2.914
Ludhiana,CT_burn,-3.496
Ludhiana,CT_burn,-2.453
Ludhiana,CT_burn,-2.158
Ludhiana,CT_burn,-3.311
Ludhiana,CT_burn,-2.22
Ludhiana,CT_burn,-2.638
Ludhiana,CT_burn,-2.935
Ludhiana,CT_burn,-2.599
Ludhiana,CT_burn,-2.403
Ludhiana,CT_burn,-2.593
Ludhiana,CT_burn,-2.923
Ludhiana,CT_burn,-2.894
Ludhiana,CT_burn,-2.748
Ludhiana,CT_burn,-2.25
Ludhiana,CT_burn,-2.015
Ludhiana,CT_burn,-2.722
Ludhiana,CT_burn,-2.588
Ludhiana,CT_burn,-3.031
Ludhiana,CT_burn,-2.381
Ludhiana,CT_burn,-2.24
Ludhiana,CT_burn,-2.982
Ludhiana,CT_burn,-2.912
Ludhiana,CT_burn,-1.479
Ludhiana,CT_burn,-2.994
Ludhiana,CT_burn,-2.16
Ludhiana,CT_burn,-3.475
Ludhiana,CT_burn,-2.946
Ludhiana,CT_burn,-3.043
Ludhiana,CT_burn,-3.237
Ludhiana,CT_burn,-2.861
Ludhiana,CT_burn,-2.797
Ludhiana,CT_burn,-3.298
Ludhiana,CT_burn,-2.651
Ludhiana,CT_burn,-2.998
Ludhiana,CT_burn,-2.208
Ludhiana,CT_burn,-2.529
Ludhiana,CT_burn,-2.37
Ludhiana,CT_burn,-2.748
Ludhiana,CT_burn,-2.414
Ludhiana,CT_burn,-3.458
Ludhiana,CT_burn,-2.371
Ludhiana,CT_burn,-3.262
Ludhiana,CT_burn,-2.936
Ludhiana,CT_burn,-3.188
Ludhiana,CT_burn,-2.748
Ludhiana,CT_burn,-2.48
Ludhiana,CT_burn,-3.333
Ludhiana,CT_burn,-2.432
Ludhiana,CT_burn,-3.303
Ludhiana,CT_burn,-2.289
Ludhiana,CT_burn,-1.411
Ludhiana,CT_burn,-2.813
Ludhiana,CT_burn,-2.673
Ludhiana,CT_burn,-2.781
Ludhiana,CT_burn,-2.998
Ludhiana,CT_burn,-3.117
Ludhiana,CT_burn,-3.149
Ludhiana,CT_burn,-3.284
Ludhiana,CT_burn,-2.144
Ludhiana,CT_burn,-2.486
Ludhiana,CT_burn,-2.435
Ludhiana,CT_burn,-2.62
Ludhiana,CT_burn,-2.755
Ludhiana,CT_burn,-2.219
Ludhiana,CT_burn,-2.785
Ludhiana,CT_burn,-2.358
Ludhiana,CT_burn,-2.834
Ludhiana,CT_burn,-2.202
Ludhiana,CT_burn,-2.506
Ludhiana,CT_burn,-2.846
Ludhiana,ZT_FYM,-0.325
Ludhiana,ZT_FYM,0.463
Ludhiana,ZT_FYM,-0.367
Ludhiana,ZT_FYM,0.413
Ludhiana,ZT_FYM,-0.72
Ludhiana,ZT_FYM,-0.819
Ludhiana,ZT_FYM,-0.047
Ludhiana,ZT_FYM,-0.637
Ludhiana,ZT_FYM,-0.012
Ludhiana,ZT_FYM,-0.017
Ludhiana,ZT_FYM,-0.193
Ludhiana,ZT_FYM,-0.055
Ludhiana,ZT_FYM,-1.105
Ludhiana,ZT_FYM,-0.559
Ludhiana,ZT_FYM,-0.142
Ludhiana,ZT_FYM,-0.68
Ludhiana,ZT_FYM,-0.849
Ludhiana,ZT_FYM,0.252
Ludhiana,ZT_FYM,0.198
Ludhiana,ZT_FYM,-0.789
Ludhiana,ZT_FYM,0.14
Ludhiana,ZT_FYM,-0.874
Ludhiana,ZT_FYM,-1.194
Ludhiana,ZT_FYM,0.116
Ludhiana,ZT_FYM,0.219
Ludhiana,ZT_FYM,-0.112
Ludhiana,ZT_FYM,-0.582
Ludhiana,ZT_FYM,-0.448
Ludhiana,ZT_FYM,-0.671
Ludhiana,ZT_FYM,0.17
Ludhiana,ZT_FYM,-0.447
Ludhiana,ZT_FYM,-1.056
Ludhiana,ZT_FYM,-1.139
Ludhiana,ZT_FYM,-0.788
Ludhiana,ZT_FYM,-0.135
Ludhiana,ZT_FYM,0.184
Ludhiana,ZT_FYM,0.232
Ludhiana,ZT_FYM,-1.142
Ludhiana,ZT_FYM,-0.527
Ludhiana,ZT_FYM,-0.139
Ludhiana,ZT_FYM,-0.548
Ludhiana,ZT_FYM,-0.305
Ludhiana,ZT_FYM,-0.753
Ludhiana,ZT_FYM,-0.321
Ludhiana,ZT_FYM,-0.444
Ludhiana,ZT_FYM,-0.262
Ludhiana,ZT_FYM,-0.448
Ludhiana,ZT_FYM,-0.93
Ludhiana,ZT_FYM,-0.293
Ludhiana,ZT_FYM,-0.676
Ludhiana,ZT_FYM,0.083
Ludhiana,ZT_FYM,-0.152
Ludhiana,ZT_FYM,0.045
Ludhiana,ZT_FYM,0.932
Ludhiana,ZT_FYM,-0.908
Ludhiana,ZT_FYM,-1.436
Ludhiana,ZT_FYM,-0.311
Ludhiana,ZT_FYM,-1.079
Ludhiana,ZT_FYM,-0.362
Ludhiana,ZT_FYM,-0.957
Ludhiana,ZT_FYM,-0.898
Ludhiana,ZT_FYM,-0.624
Ludhiana,ZT_FYM,-0.036
Ludhiana,ZT_FYM,-0.445
Ludhiana,ZT_FYM,-0.698
Ludhiana,ZT_FYM,-0.171
Ludhiana,ZT_FYM,-0.332
Ludhiana,ZT_FYM,0.031
Ludhiana,ZT_FYM,-0.806
Ludhiana,ZT_FYM,-0.875
Ludhiana,ZT_FYM,-0.548
Ludhiana,ZT_FYM,-0.663
Ludhiana,ZT_FYM,-0.586
Ludhiana,ZT_FYM,0.663
Ludhiana,ZT_FYM,-0.146
Ludhiana,ZT_FYM,-1.112
Ludhiana,ZT_FYM,-0.292
Ludhiana,ZT_FYM,-0.635
Ludhiana,ZT_FYM,-0.669
Ludhiana,ZT_FYM,-0.549
Ludhiana,ZT_FYM,-0.058
Ludhiana,ZT_FYM,0.323
Ludhiana,ZT_FYM,-0.92
Ludhiana,ZT_FYM,0.671
Ludhiana,ZT_FYM,-0.166
Ludhiana,ZT_FYM,-0.363
Ludhiana,ZT_FYM,-0.744
Ludhiana,ZT_FYM,-0.021
Ludhiana,ZT_FYM,-0.464
Ludhiana,ZT_FYM,-0.124
Ludhiana,ZT_FYM,-0.584
Ludhiana,ZT_FYM,-0.503
Ludhiana,ZT_FYM,-0.543
Ludhiana,ZT_FYM,-0.547
Ludhiana,ZT_FYM,-0.123
Ludhiana,ZT_FYM,-0.944
Ludhiana,ZT_FYM,-1.354
Ludhiana,ZT_FYM,-0.869
Ludhiana,ZT_FYM,-0.481
Ludhiana,ZT_FYM,0.126
Ludhiana,ZT_FYM,-0.922
Ludhiana,ZT_FYM,-0.84
Ludhiana,ZT_FYM,-0.263
Ludhiana,ZT_FYM,-0.05
Ludhiana,ZT_FYM,0.42
Ludhiana,ZT_FYM,-0.698
Ludhiana,ZT_FYM,-0.381
Ludhiana,ZT_FYM,-0.094
Ludhiana,ZT_FYM,-0.23
Ludhiana,ZT_FYM,-0.778
Ludhiana,ZT_FYM,-0.042
Ludhiana,ZT_FYM,-0.028
Ludhiana,ZT_FYM,0.752
Ludhiana,ZT_FYM,0.206
Ludhiana,ZT_FYM,-0.767
Ludhiana,ZT_FYM,-0.147
Ludhiana,ZT_FYM,0.468
Ludhiana,ZT_FYM,-0.588
Ludhiana,ZT_FYM,-0.551
Ludhiana,ZT_FYM,-0.465
Ludhiana,ZT_FYM,-0.584
Ludhiana,ZT_FYM,-0.4
Ludhiana,ZT_FYM,-1.109
Ludhiana,ZT_FYM,0.237
Ludhiana,ZT_FYM,0.65
Ludhiana,ZT_FYM,-0.77
Ludhiana,ZT_FYM,-1.365
Ludhiana,ZT_FYM,-1.172
Ludhiana,ZT_FYM,-0.034
Ludhiana,ZT_FYM,0.526
Ludhiana,ZT_FYM,-0.818
Ludhiana,ZT_FYM,-0.091
Ludhiana,ZT_FYM,0.297
Ludhiana,ZT_FYM,-0.957
Ludhiana,ZT_FYM,-0.138
Ludhiana,ZT_FYM,0.232
Ludhiana,ZT_FYM,-1.272
Ludhiana,ZT_FYM,0.171
Ludhiana,ZT_FYM,0.472
Ludhiana,ZT_FYM,0.346
Ludhiana,ZT_FYM,0.101
Ludhiana,ZT_FYM,0.314
Ludhiana,ZT_FYM,-0.576
Ludhiana,ZT_FYM,-1.214
Ludhiana,ZT_FYM,-0.25
Ludhiana,ZT_FYM,0.412
Ludhiana,ZT_FYM,0.167
Ludhiana,ZT_FYM,-1.128
Ludhiana,ZT_FYM,-0.519
Ludhiana,ZT_FYM,-0.217
Ludhiana,ZT_FYM,0.061
Ludhiana,ZT_FYM,-1.29
Ludhiana,ZT_FYM,-0.575
Ludhiana,ZT_FYM,-0.216
Ludhiana,ZT_FYM,-0.285
Ludhiana,ZT_FYM,0.225
Ludhiana,ZT_FYM,-1.282
Ludhiana,ZT_FYM,-0.193
Ludhiana,ZT_FYM,-0.685
Ludhiana,ZT_FYM,-0.021
Ludhiana,ZT_FYM,-0.693
Ludhiana,ZT_FYM,-0.083
Ludhiana,ZT_FYM,-0.642
Ludhiana,ZT_FYM,-0.214
Ludhiana,ZT_FYM,-0.454
Ludhiana,ZT_FYM,-0.797
Ludhiana,ZT_FYM,-0.418
Ludhiana,ZT_FYM,-0.874
Ludhiana,ZT_FYM,-0.338
Ludhiana,ZT_FYM,-0.283
Ludhiana,ZT_FYM,-0.358
Ludhiana,ZT_FYM,0.66
Ludhiana,ZT_FYM,-0.049
Ludhiana,ZT_FYM,-0.733
Ludhiana,ZT_FYM,-0.461
Ludhiana,ZT_FYM,-0.969
Ludhiana,ZT_FYM,-0.062
Ludhiana,ZT_FYM,-1.006
Ludhiana,ZT_FYM,1.031
Ludhiana,ZT_FYM,-0.33
Ludhiana,ZT_FYM,-0.59
Ludhiana,ZT_FYM,-1.056
Ludhiana,ZT_FYM,-0.613
Ludhiana,ZT_FYM,-0.454
Ludhiana,ZT_FYM,-0.205
Ludhiana,ZT_FYM,-0.086
Ludhiana,ZT_FYM,0.223
Ludhiana,ZT_FYM,1.072
Ludhiana,ZT_FYM,-0.225
Ludhiana,ZT_FYM,-0.618
Ludhiana,ZT_FYM,-0.74
Ludhiana,ZT_FYM,-0.701
Ludhiana,ZT_FYM,-0.039
Ludhiana,ZT_FYM,0.458
Ludhiana,ZT_FYM,-0.786
Ludhiana,ZT_FYM,-0.651
Ludhiana,ZT_FYM,-1.57
Ludhiana,ZT_FYM,-1.031
Ludhiana,ZT_FYM,-0.926
Ludhiana,ZT_FYM,0.098
Ludhiana,ZT_retain,-1.557
Ludhiana,ZT_retain,-1.82
Ludhiana,ZT_retain,-1.786
Ludhiana,ZT_retain,-1.066
Ludhiana,ZT_retain,-1.709
Ludhiana,ZT_retain,-1.916
Ludhiana,ZT_retain,-1.38
Ludhiana,ZT_retain,-1.733
Ludhiana,ZT_retain,-1.279
Ludhiana,ZT_retain,-1.639
Ludhiana,ZT_retain,-2.158
Ludhiana,ZT_retain,-1.01
Ludhiana,ZT_retain,-1.363
Ludhiana,ZT_retain,-1.46
Ludhiana,ZT_retain,-1.867
Ludhiana,ZT_retain,-1.566
Ludhiana,ZT_retain,-1.797
Ludhiana,ZT_retain,-0.821
Ludhiana,ZT_retain,-1.032
Ludhiana,ZT_retain,-1.367
Ludhiana,ZT_retain,-1.613
Ludhiana,ZT_retain,-1.168
Ludhiana,ZT_retain,-1.528
Ludhiana,ZT_retain,-1.925
Ludhiana,ZT_retain,-1.601
Ludhiana,ZT_retain,-1.127
Ludhiana,ZT_retain,-1.525
Ludhiana,ZT_retain,-1.654
Ludhiana,ZT_retain,-2.475
Ludhiana,ZT_retain,-2.065
Ludhiana,ZT_retain,-1.047
Ludhiana,ZT_retain,-1.936
Ludhiana,ZT_retain,-0.664
Ludhiana,ZT_retain,-1.722
Ludhiana,ZT_retain,-1.739
Ludhiana,ZT_retain,-1.619
Ludhiana,ZT_retain,-1.231
Ludhiana,ZT_retain,-2.036
Ludhiana,ZT_retain,-0.458
Ludhiana,ZT_retain,-1.873
Ludhiana,ZT_retain,-1.669
Ludhiana,ZT_retain,-1.463
Ludhiana,ZT_retain,-0.949
Ludhiana,ZT_retain,-1.544
Ludhiana,ZT_retain,-1.552
Ludhiana,ZT_retain,-1.155
Ludhiana,ZT_retain,-1.683
Ludhiana,ZT_retain,-1.793
Ludhiana,ZT_retain,-1.192
Ludhiana,ZT_retain,-1.491
Ludhiana,ZT_retain,-1.544
Ludhiana,ZT_retain,-2.033
Ludhiana,ZT_retain,-1.369
Ludhiana,ZT_retain,-1.142
Ludhiana,ZT_retain,-2.054
Ludhiana,ZT_retain,-1.072
Ludhiana,ZT_retain,-1.611
Ludhiana,ZT_retain,-1.709
Ludhiana,ZT_retain,-1.372
Ludhiana,ZT_retain,-1.911
Ludhiana,ZT_retain,-1.705
Ludhiana,ZT_retain,-1.642
Ludhiana,ZT_retain,-1.375
Ludhiana,ZT_retain,-1.744
Ludhiana,ZT_retain,-1.865
Ludhiana,ZT_retain,-1.027
Ludhiana,ZT_retain,-1.564
Ludhiana,ZT_retain,-1.764
Ludhiana,ZT_retain,-1.986
Ludhiana,ZT_retain,-1.709
Ludhiana,ZT_retain,-1.515
Ludhiana,ZT_retain,-1.852
Ludhiana,ZT_retain,-1.492
Ludhiana,ZT_retain,-1.55
Ludhiana,ZT_retain,-1.173
Ludhiana,ZT_retain,-1.555
Ludhiana,ZT_retain,-1.694
Ludhiana,ZT_retain,-1.296
Ludhiana,ZT_retain,-1.564
Ludhiana,ZT_retain,-1.364
Ludhiana,ZT_retain,-1.568
Ludhiana,ZT_retain,-1.735
Ludhiana,ZT_retain,-1.578
Ludhiana,ZT_retain,-1.896
Ludhiana,ZT_retain,-1.39
Ludhiana,ZT_retain,-0.887
Ludhiana,ZT_retain,-1.236
Ludhiana,ZT_retain,-1.763
Ludhiana,ZT_retain,-1.83
Ludhiana,ZT_retain,-1.479
Ludhiana,ZT_retain,-0.399
Ludhiana,ZT_retain,-1.399
Ludhiana,ZT_retain,-2.529
Ludhiana,ZT_retain,-1.484
Ludhiana,ZT_retain,-1.132
Ludhiana,ZT_retain,-1.13
Ludhiana,ZT_retain,-1.174
Ludhiana,ZT_retain,-1.389
Ludhiana,ZT_retain,-1.293
Ludhiana,ZT_retain,-2.256
Ludhiana,ZT_retain,-1.389
Ludhiana,ZT_retain,-2.159
Ludhiana,ZT_retain,-1.267
Ludhiana,ZT_retain,-1.02
Ludhiana,ZT_retain,-1.294
Ludhiana,ZT_retain,-1.998
Ludhiana,ZT_retain,-1.52
Ludhiana,ZT_retain,-1.751
Ludhiana,ZT_retain,-2.042
Ludhiana,ZT_retain,-1.136
Ludhiana,ZT_retain,-1.819
Ludhiana,ZT_retain,-1.589
Ludhiana,ZT_retain,-1.36
Ludhiana,ZT_retain,-1.964
Ludhiana,ZT_retain,-1.446
Ludhiana,ZT_retain,-1.854
Ludhiana,ZT_retain,-1.38
Ludhiana,ZT_retain,-1.541
Ludhiana,ZT_retain,-1.281
Ludhiana,ZT_retain,-1.544
Ludhiana,ZT_retain,-1.414
Ludhiana,ZT_retain,-1.837
Ludhiana,ZT_retain,-1.411
Ludhiana,ZT_retain,-1.809
Ludhiana,ZT_retain,-1.986
Ludhiana,ZT_retain,-0.854
Ludhiana,ZT_retain,-1.665
Ludhiana,ZT_retain,-1.768
Ludhiana,ZT_retain,-0.887
Ludhiana,ZT_retain,-1.629
Ludhiana,ZT_retain,-0.921
Ludhiana,ZT_retain,-1.292
Ludhiana,ZT_retain,-1.139
Ludhiana,ZT_retain,-1.006
Ludhiana,ZT_retain,-1.15
Ludhiana,ZT_retain,-1.585
Ludhiana,ZT_retain,-0.988
Ludhiana,ZT_retain,-1.715
Ludhiana,ZT_retain,-2.166
Ludhiana,ZT_retain,-1.194
Ludhiana,ZT_retain,-2.211
Ludhiana,ZT_retain,-1.096
Ludhiana,ZT_retain,-1.105
Ludhiana,ZT_retain,-1.383
Ludhiana,ZT_retain,-1.201
Ludhiana,ZT_retain,-1.531
Ludhiana,ZT_retain,-1.628
Ludhiana,ZT_retain,-1.811
Ludhiana,ZT_retain,-2.114
Ludhiana,ZT_retain,-1.66
Ludhiana,ZT_retain,-1.471
Ludhiana,ZT_retain,-1.191
Ludhiana,ZT_retain,-1.399
Ludhiana,ZT_retain,-1.832
Ludhiana,ZT_retain,-1.535
Ludhiana,ZT_retain,-1.714
Ludhiana,ZT_retain,-1.263
Ludhiana,ZT_retain,-1.714
Ludhiana,ZT_retain,-1.352
Ludhiana,ZT_retain,-1.176
Ludhiana,ZT_retain,-1.547
Ludhiana,ZT_retain,-2.013
Ludhiana,ZT_retain,-1.491
Ludhiana,ZT_retain,-1.732
Ludhiana,ZT_retain,-2.057
Ludhiana,ZT_retain,-1.522
Ludhiana,ZT_retain,-1.61
Ludhiana,ZT_retain,-1.769
Ludhiana,ZT_retain,-2.082
Ludhiana,ZT_retain,-1.088
Ludhiana,ZT_retain,-1.555
Ludhiana,ZT_retain,-1.658
Ludhiana,ZT_retain,-1.679
Ludhiana,ZT_retain,-1.54
Ludhiana,ZT_retain,-1.668
Ludhiana,ZT_retain,-1.661
Ludhiana,ZT_retain,-1.343
Ludhiana,ZT_retain,-0.81
Ludhiana,ZT_retain,-1.674
Ludhiana,ZT_retain,-0.639
Ludhiana,ZT_retain,-1.943
Ludhiana,ZT_retain,-1.721
Ludhiana,ZT_retain,-1.797
Ludhiana,ZT_retain,-1.388
Ludhiana,ZT_retain,-2.016
Ludhiana,ZT_retain,-1.705
Ludhiana,ZT_retain,-1.815
Ludhiana,ZT_retain,-1.475
Ludhiana,ZT_retain,-1.654
Ludhiana,ZT_retain,-1.615
Ludhiana,ZT_retain,-2.025
Ludhiana,ZT_retain,-1.193
Ludhiana,ZT_retain,-1.387
Ludhiana,ZT_retain,-1.51
Ludhiana,ZT_retain,-2.065
Ludhiana,ZT_retain,-1.505
Ludhiana,ZT_retain,-1.477
Ludhiana,ZT_retain,-1.281
Ludhiana,ZT_retain,-1.289
Ludhiana,ZT_retain,-1.733
